[
  {
    "id": 1,
    "name": "Anastasia",
    "time": "18:30 13 Ноября 2022",
    "comment": "Очень понравился сайт, Очень понравился сайт,Очень понравился сайт,Очень понравился сайт, Очень понравился сайт, Очень понравился сайт,Очень понравился сайт,Очень "
  },
  {
    "id": 2,
    "name": "Anastasia",
    "time": "18:30 13 Ноября 2022",
    "comment": "Очень понравился сайт, Очень понравился сайт,Очень понравился сайт,Очень понравился сайт, Очень понравился сайт, Очень понравился сайт,Очень понравился сайт,Очень"
  },
  {
    "id": 3,
    "name": "Anastasia",
    "time": "18:30 13 Ноября 2022",
    "comment": "Очень понравился сайт, Очень понравился сайт,Очень понравился сайт,Очень понравился сайт, Очень понравился сайт, Очень понравился сайт,Очень понравился сайт,Очень"
  },
  {
    "id": 4,
    "name": "Anastasia",
    "time": "18:30 13 Ноября 2022",
    "comment": "Очень понравился сайт, Очень понравился сайт,Очень понравился сайт,Очень понравился сайт, Очень понравился сайт, Очень понравился сайт,Очень понравился сайт,Очень "
  },
  {
    "id": 5,
    "name": "Anastasia",
    "time": "18:30 13 Ноября 2022",
    "comment": "Очень понравился сайт, Очень понравился сайт,Очень понравился сайт,Очень понравился сайт, Очень понравился сайт, Очень понравился сайт,Очень понравился сайт,Очень "
  },
  {
    "id": 6,
    "name": "Anastasia",
    "time": "18:30 13 Ноября 2022",
    "comment": "Очень понравился сайт, Очень понравился сайт,Очень понравился сайт,Очень понравился сайт, Очень понравился сайт, Очень понравился сайт,Очень понравился сайт,Очень понравился сайт,Очень понравился сайт, Очень понравился Очень понравился сайт, Очень понравился сайт,Очень понравился сайт,Очень понравился сайт,Очень понравился сайт, Очень понравился сайт,Очень понравился сайт,Очень понравился сайт,Очень понравился сайт, Очень понравился "
  },
  {
    "id": 7,
    "name": "Anastasia",
    "time": "18:30 13 Ноября 2022",
    "comment": "Очень понравился сайт, Очень понравился сайт,Очень понравился сайт,Очень понравился сайт, Очень понравился сайт, Очень понравился сайт,Очень понравился сайт,Очень "
  },
  {
    "id": 8,
    "name": "Anastasia",
    "time": "18:30 13 Ноября 2022",
    "comment": "Очень понравился сайт, Очень понравился сайт,Очень понравился сайт,Очень понравился сайт, Очень понравился сайт, Очень понравился сайт,Очень понравился сайт,Очень"
  },
  {
    "id": 9,
    "name": "Anastasia",
    "time": "18:30 13 Ноября 2022",
    "comment": "Очень понравился сайт, Очень понравился сайт,Очень понравился сайт,Очень понравился сайт, Очень понравился сайт, Очень понравился сайт,Очень понравился сайт,Очень"
  },
  {
    "id": 10,
    "name": "Anastasia",
    "time": "18:30 13 Ноября 2022",
    "comment": "Очень понравился сайт, Очень понравился сайт,Очень понравился сайт,Очень понравился сайт, Очень понравился сайт, Очень понравился сайт,Очень понравился сайт,Очень "
  },
  {
    "id": 11,
    "name": "Anastasia",
    "time": "18:30 13 Ноября 2022",
    "comment": "Очень понравился сайт, Очень понравился сайт,Очень понравился сайт,Очень понравился сайт, Очень понравился сайт, Очень понравился сайт,Очень понравился сайт,Очень "
  },
  {
    "id": 12,
    "name": "Anastasia",
    "time": "18:30 13 Ноября 2022",
    "comment": "Очень понравился сайт, Очень понравился сайт,Очень понравился сайт,Очень понравился сайт, Очень понравился сайт, Очень понравился сайт,Очень понравился сайт,Очень понравился сайт,Очень понравился сайт, Очень понравился Очень понравился сайт, Очень понравился сайт,Очень понравился сайт,Очень понравился сайт,Очень понравился сайт, Очень понравился сайт,Очень понравился сайт,Очень понравился сайт,Очень понравился сайт, Очень понравился "
  },
  {
    "id": 13,
    "name": "Anastasia",
    "time": "18:30 13 Ноября 2022",
    "comment": "Очень понравился сайт, Очень понравился сайт,Очень понравился сайт,Очень понравился сайт, Очень понравился сайт, Очень понравился сайт,Очень понравился сайт,Очень "
  },
  {
    "id": 14,
    "name": "Anastasia",
    "time": "18:30 13 Ноября 2022",
    "comment": "Очень понравился сайт, Очень понравился сайт,Очень понравился сайт,Очень понравился сайт, Очень понравился сайт, Очень понравился сайт,Очень понравился сайт,Очень"
  },
  {
    "id": 15,
    "name": "Anastasia",
    "time": "18:30 13 Ноября 2022",
    "comment": "Очень понравился сайт, Очень понравился сайт,Очень понравился сайт,Очень понравился сайт, Очень понравился сайт, Очень понравился сайт,Очень понравился сайт,Очень"
  },
  {
    "id": 16,
    "name": "Anastasia",
    "time": "18:30 13 Ноября 2022",
    "comment": "Очень понравился сайт, Очень понравился сайт,Очень понравился сайт,Очень понравился сайт, Очень понравился сайт, Очень понравился сайт,Очень понравился сайт,Очень "
  },
  {
    "id": 17,
    "name": "Anastasia",
    "time": "18:30 13 Ноября 2022",
    "comment": "Очень понравился сайт, Очень понравился сайт,Очень понравился сайт,Очень понравился сайт, Очень понравился сайт, Очень понравился сайт,Очень понравился сайт,Очень "
  },
  {
    "id": 18,
    "name": "Anastasia",
    "time": "18:30 13 Ноября 2022",
    "comment": "Очень понравился сайт, Очень понравился сайт,Очень понравился сайт,Очень понравился сайт, Очень понравился сайт, Очень понравился сайт,Очень понравился сайт,Очень понравился сайт,Очень понравился сайт, Очень понравился Очень понравился сайт, Очень понравился сайт,Очень понравился сайт,Очень понравился сайт,Очень понравился сайт, Очень понравился сайт,Очень понравился сайт,Очень понравился сайт,Очень понравился сайт, Очень понравился "
  },
  {
    "id": 19,
    "name": "Anastasia",
    "time": "18:30 13 Ноября 2022",
    "comment": "Очень понравился сайт, Очень понравился сайт,Очень понравился сайт,Очень понравился сайт, Очень понравился сайт, Очень понравился сайт,Очень понравился сайт,Очень "
  },
  {
    "id": 20,
    "name": "Anastasia",
    "time": "18:30 13 Ноября 2022",
    "comment": "Очень понравился сайт, Очень понравился сайт,Очень понравился сайт,Очень понравился сайт, Очень понравился сайт, Очень понравился сайт,Очень понравился сайт,Очень"
  },
  {
    "id": 21,
    "name": "Anastasia",
    "time": "18:30 13 Ноября 2022",
    "comment": "Очень понравился сайт, Очень понравился сайт,Очень понравился сайт,Очень понравился сайт, Очень понравился сайт, Очень понравился сайт,Очень понравился сайт,Очень"
  },
  {
    "id": 22,
    "name": "Anastasia",
    "time": "18:30 13 Ноября 2022",
    "comment": "Очень понравился сайт, Очень понравился сайт,Очень понравился сайт,Очень понравился сайт, Очень понравился сайт, Очень понравился сайт,Очень понравился сайт,Очень "
  },
  {
    "id": 23,
    "name": "Anastasia",
    "time": "18:30 13 Ноября 2022",
    "comment": "Очень понравился сайт, Очень понравился сайт,Очень понравился сайт,Очень понравился сайт, Очень понравился сайт, Очень понравился сайт,Очень понравился сайт,Очень "
  },
  {
    "id": 24,
    "name": "Anastasia",
    "time": "18:30 13 Ноября 2022",
    "comment": "Очень понравился сайт, Очень понравился сайт,Очень понравился сайт,Очень понравился сайт, Очень понравился сайт, Очень понравился сайт,Очень понравился сайт,Очень понравился сайт,Очень понравился сайт, Очень понравился Очень понравился сайт, Очень понравился сайт,Очень понравился сайт,Очень понравился сайт,Очень понравился сайт, Очень понравился сайт,Очень понравился сайт,Очень понравился сайт,Очень понравился сайт, Очень понравился "
  }
]
